,f1-score,precision,recall,support
accuracy,0.8855218855218855,0.8855218855218855,0.8855218855218855,0.8855218855218855
c_clusters,0.99009900990099,1.0,0.9803921568627451,51.0
circle,1.0,1.0,1.0,42.0
clusters,0.99009900990099,0.9803921568627451,1.0,50.0
macro avg,0.8883904012199078,0.8962583683945913,0.8962091415513574,297.0
random,0.7964601769911505,0.6923076923076923,0.9375,48.0
sphere,0.6736842105263158,0.8421052631578947,0.5614035087719298,57.0
torus,0.8799999999999999,0.8627450980392157,0.8979591836734694,49.0
weighted avg,0.881313429278031,0.8940231881408353,0.8855218855218855,297.0
