,f1-score,precision,recall,support
accuracy,0.8855218855218855,0.8855218855218855,0.8855218855218855,0.8855218855218855
c_clusters,0.9147286821705427,0.921875,0.9076923076923077,65.0
circle,1.0,1.0,1.0,43.0
clusters,0.8865979381443299,0.8775510204081632,0.8958333333333334,48.0
macro avg,0.8860652109690502,0.8870061735168376,0.8857421705132157,297.0
random,0.8260869565217391,0.8260869565217391,0.8260869565217391,46.0
sphere,0.787878787878788,0.7647058823529411,0.8125,48.0
torus,0.9010989010989012,0.9318181818181818,0.8723404255319149,47.0
weighted avg,0.8861410624304488,0.8873591275353115,0.8855218855218855,297.0
