,f1-score,precision,recall,support
accuracy,0.8855218855218855,0.8855218855218855,0.8855218855218855,0.8855218855218855
c_clusters,0.8952380952380952,0.8545454545454545,0.94,50.0
circle,0.9896907216494846,0.9795918367346939,1.0,48.0
clusters,0.8863636363636364,0.9512195121951219,0.8297872340425532,47.0
macro avg,0.886358330281282,0.8909614356478469,0.8855523967917155,297.0
random,0.8952380952380953,0.9038461538461539,0.8867924528301887,53.0
sphere,0.7884615384615385,0.7454545454545455,0.8367346938775511,49.0
torus,0.8631578947368421,0.9111111111111111,0.82,50.0
weighted avg,0.8860817490883753,0.8903760013480916,0.8855218855218855,297.0
