,f1-score,precision,recall,support
accuracy,0.7239057239057239,0.7239057239057239,0.7239057239057239,0.7239057239057239
c_clusters,0.9696969696969697,0.9795918367346939,0.96,50.0
circle,1.0,1.0,1.0,47.0
clusters,0.9724770642201834,0.9636363636363636,0.9814814814814815,54.0
macro avg,0.7103105183737167,0.7709588321086578,0.7231180581361741,297.0
random,0.3333333333333333,0.7857142857142857,0.21153846153846154,52.0
sphere,0.5035971223021583,0.38461538461538464,0.7291666666666666,48.0
torus,0.48275862068965514,0.5121951219512195,0.45652173913043476,46.0
weighted avg,0.7128333390851833,0.7774263043822752,0.7239057239057239,297.0
