,f1-score,precision,recall,support
accuracy,0.8888888888888888,0.8888888888888888,0.8888888888888888,0.8888888888888888
c_clusters,1.0,1.0,1.0,56.0
circle,1.0,1.0,1.0,41.0
clusters,1.0,1.0,1.0,47.0
macro avg,0.9015895838325744,0.9015948963317384,0.9019230769230769,297.0
random,0.717948717948718,0.7368421052631579,0.7,60.0
sphere,0.6915887850467289,0.6727272727272727,0.7115384615384616,52.0
torus,1.0,1.0,1.0,41.0
weighted avg,0.8890220198631413,0.8895365134599585,0.8888888888888888,297.0
