,f1-score,precision,recall,support
accuracy,0.8821548821548821,0.8821548821548821,0.8821548821548821,0.8821548821548821
c_clusters,0.967741935483871,1.0,0.9375,48.0
circle,1.0,1.0,1.0,48.0
clusters,0.9714285714285714,0.9444444444444444,1.0,51.0
macro avg,0.8845185771998771,0.9019659889225107,0.8885156840513982,297.0
random,0.7719298245614036,0.6376811594202898,0.9777777777777777,45.0
sphere,0.7551020408163266,0.8809523809523809,0.6607142857142857,56.0
torus,0.8409090909090908,0.9487179487179487,0.7551020408163265,49.0
weighted avg,0.8829009154599525,0.9046559988588974,0.8821548821548821,297.0
