,f1-score,precision,recall,support
accuracy,0.9124579124579124,0.9124579124579124,0.9124579124579124,0.9124579124579124
c_clusters,0.9183673469387754,0.8823529411764706,0.9574468085106383,47.0
circle,1.0,1.0,1.0,45.0
clusters,0.9183673469387754,0.9574468085106383,0.8823529411764706,51.0
macro avg,0.9122982227404632,0.9137745244455421,0.914588695998494,297.0
random,0.9243697478991596,0.9322033898305084,0.9166666666666666,60.0
sphere,0.826086956521739,0.8837209302325582,0.7755102040816326,49.0
torus,0.88659793814433,0.8269230769230769,0.9555555555555556,45.0
weighted avg,0.9119102793266318,0.9149711882225622,0.9124579124579124,297.0
