,f1-score,precision,recall,support
accuracy,0.8451178451178452,0.8451178451178452,0.8451178451178452,0.8451178451178452
c_clusters,0.8813559322033898,0.7878787878787878,1.0,52.0
circle,1.0,1.0,1.0,45.0
clusters,0.8541666666666666,1.0,0.7454545454545455,55.0
macro avg,0.8472038315005436,0.8658421025389886,0.8505050505050504,297.0
random,0.7755102040816326,0.8837209302325582,0.6909090909090909,55.0
sphere,0.6930693069306931,0.5932203389830508,0.8333333333333334,42.0
torus,0.8791208791208791,0.9302325581395349,0.8333333333333334,48.0
weighted avg,0.8477085840223032,0.8725278288231432,0.8451178451178452,297.0
