,f1-score,precision,recall,support
accuracy,0.9124579124579124,0.9124579124579124,0.9124579124579124,0.9124579124579124
c_clusters,1.0,1.0,1.0,54.0
circle,1.0,1.0,1.0,60.0
clusters,1.0,1.0,1.0,47.0
macro avg,0.9035724067347056,0.9063723660423483,0.9030822408481983,297.0
random,0.7560975609756098,0.8157894736842105,0.7045454545454546,44.0
sphere,0.7291666666666667,0.6862745098039216,0.7777777777777778,45.0
torus,0.9361702127659575,0.9361702127659575,0.9361702127659575,47.0
weighted avg,0.9127299416933563,0.9150743763746859,0.9124579124579124,297.0
