,f1-score,precision,recall,support
accuracy,0.8821548821548821,0.8821548821548821,0.8821548821548821,0.8821548821548821
c_clusters,0.951219512195122,1.0,0.9069767441860465,43.0
circle,1.0,1.0,1.0,57.0
clusters,0.9591836734693878,0.9215686274509803,1.0,47.0
macro avg,0.8821737895855822,0.8871986673457263,0.8889025193575,297.0
random,0.7551020408163266,0.6607142857142857,0.8809523809523809,42.0
sphere,0.7184466019417475,0.8409090909090909,0.6271186440677966,59.0
torus,0.9090909090909091,0.9,0.9183673469387755,49.0
weighted avg,0.880916368524427,0.8915062688681226,0.8821548821548821,297.0
