,f1-score,precision,recall,support
accuracy,0.8552188552188552,0.8552188552188552,0.8552188552188552,0.8552188552188552
c_clusters,0.8478260869565217,0.78,0.9285714285714286,42.0
circle,0.9873417721518987,0.975,1.0,39.0
clusters,0.8846153846153846,0.9787234042553191,0.8070175438596491,57.0
macro avg,0.8615445019960678,0.8618244259685038,0.8687825332562173,297.0
random,0.8043478260869565,0.74,0.8809523809523809,42.0
sphere,0.7936507936507937,0.819672131147541,0.7692307692307693,65.0
torus,0.8514851485148514,0.8775510204081632,0.8269230769230769,52.0
weighted avg,0.8558425578952892,0.8638504229911373,0.8552188552188552,297.0
