,f1-score,precision,recall,support
accuracy,0.8888888888888888,0.8888888888888888,0.8888888888888888,0.8888888888888888
c_clusters,0.9,0.8490566037735849,0.9574468085106383,47.0
circle,1.0,1.0,1.0,45.0
clusters,0.8958333333333333,0.9555555555555556,0.8431372549019608,51.0
macro avg,0.8889977039359714,0.8948430529374526,0.8888917505536494,297.0
random,0.8837209302325583,0.8260869565217391,0.95,60.0
sphere,0.7555555555555555,0.8292682926829268,0.6938775510204082,49.0
torus,0.8988764044943819,0.9090909090909091,0.8888888888888888,45.0
weighted avg,0.8871461826209526,0.8914055500085875,0.8888888888888888,297.0
