,f1-score,precision,recall,support
accuracy,0.9259259259259259,0.9259259259259259,0.9259259259259259,0.9259259259259259
c_clusters,0.9724770642201834,0.9636363636363636,0.9814814814814815,54.0
circle,1.0,1.0,1.0,47.0
clusters,0.967032967032967,0.9777777777777777,0.9565217391304348,46.0
macro avg,0.9255956493090957,0.9313789285487398,0.9279577683896257,297.0
random,0.863157894736842,0.9761904761904762,0.7735849056603774,53.0
sphere,0.8163265306122448,0.7272727272727273,0.9302325581395349,43.0
torus,0.9345794392523364,0.9433962264150944,0.9259259259259259,54.0
weighted avg,0.9269830872337094,0.9359204045500976,0.9259259259259259,297.0
