,f1-score,precision,recall,support
accuracy,0.8821548821548821,0.8821548821548821,0.8821548821548821,0.8821548821548821
c_clusters,0.9306930693069307,0.9038461538461539,0.9591836734693877,49.0
circle,1.0,1.0,1.0,49.0
clusters,0.9195402298850575,0.9523809523809523,0.8888888888888888,45.0
macro avg,0.8857363683147544,0.8879426129426129,0.884534517567572,297.0
random,0.8376068376068376,0.8166666666666667,0.8596491228070176,57.0
sphere,0.7428571428571428,0.75,0.7358490566037735,53.0
torus,0.8837209302325582,0.9047619047619048,0.8636363636363636,44.0
weighted avg,0.8820943097175694,0.8830138996805663,0.8821548821548821,297.0
