,f1-score,precision,recall,support
accuracy,0.8855218855218855,0.8855218855218855,0.8855218855218855,0.8855218855218855
c_clusters,0.968421052631579,0.9583333333333334,0.9787234042553191,47.0
circle,0.9906542056074767,1.0,0.9814814814814815,54.0
clusters,0.96,0.96,0.96,50.0
macro avg,0.8795776551071556,0.8800431904355728,0.8852071035976429,297.0
random,0.7586206896551724,0.7021276595744681,0.825,40.0
sphere,0.6808510638297872,0.7804878048780488,0.6037735849056604,53.0
torus,0.9189189189189189,0.8793103448275862,0.9622641509433962,53.0
weighted avg,0.8826388998261826,0.8858453703166466,0.8855218855218855,297.0
