,f1-score,precision,recall,support
accuracy,0.8855218855218855,0.8855218855218855,0.8855218855218855,0.8855218855218855
c_clusters,0.98,0.98,0.98,50.0
circle,1.0,1.0,1.0,43.0
clusters,0.970873786407767,0.9803921568627451,0.9615384615384616,52.0
macro avg,0.8871035682618534,0.8992015321751946,0.8861563778084429,297.0
random,0.816,0.7183098591549296,0.9444444444444444,54.0
sphere,0.7692307692307692,0.7954545454545454,0.7446808510638298,47.0
torus,0.7865168539325842,0.9210526315789473,0.6862745098039216,51.0
weighted avg,0.8849011535273126,0.8960578195222858,0.8855218855218855,297.0
