,f1-score,precision,recall,support
accuracy,0.8451178451178452,0.8451178451178452,0.8451178451178452,0.8451178451178452
c_clusters,0.8958333333333333,0.9148936170212766,0.8775510204081632,49.0
circle,1.0,1.0,1.0,49.0
clusters,0.891304347826087,0.8723404255319149,0.9111111111111111,45.0
macro avg,0.8522550872184474,0.8591849688434235,0.8486492596898328,297.0
random,0.7719298245614035,0.7719298245614035,0.7719298245614035,57.0
sphere,0.6902654867256638,0.65,0.7358490566037735,53.0
torus,0.8641975308641975,0.9459459459459459,0.7954545454545454,44.0
weighted avg,0.847182798451152,0.852379555571045,0.8451178451178452,297.0
