,f1-score,precision,recall,support
accuracy,0.8855218855218855,0.8855218855218855,0.8855218855218855,0.8855218855218855
c_clusters,1.0,1.0,1.0,51.0
circle,1.0,1.0,1.0,45.0
clusters,1.0,1.0,1.0,46.0
macro avg,0.8892235123367199,0.8899298276263684,0.8913556193601312,297.0
random,0.7000000000000001,0.6481481481481481,0.7608695652173914,46.0
sphere,0.6730769230769231,0.7291666666666666,0.625,56.0
torus,0.9622641509433962,0.9622641509433962,0.9622641509433962,53.0
weighted avg,0.8851592851592851,0.8877042025190174,0.8855218855218855,297.0
