,f1-score,precision,recall,support
accuracy,0.8855218855218855,0.8855218855218855,0.8855218855218855,0.8855218855218855
c_clusters,0.9367088607594937,0.9487179487179487,0.925,40.0
circle,1.0,1.0,1.0,54.0
clusters,0.9504950495049505,0.9411764705882353,0.96,50.0
macro avg,0.8775468035313451,0.8869398275583027,0.8765799288750108,297.0
random,0.8759124087591241,0.7894736842105263,0.9836065573770492,61.0
sphere,0.7142857142857144,0.7352941176470589,0.6944444444444444,36.0
torus,0.7878787878787877,0.9069767441860465,0.6964285714285714,56.0
weighted avg,0.8830278170889956,0.8903256637194766,0.8855218855218855,297.0
