,f1-score,precision,recall,support
accuracy,0.8855218855218855,0.8855218855218855,0.8855218855218855,0.8855218855218855
c_clusters,1.0,1.0,1.0,52.0
circle,1.0,1.0,1.0,56.0
clusters,1.0,1.0,1.0,51.0
macro avg,0.860621820527481,0.8902292152292152,0.8755992196209587,297.0
random,0.6981132075471698,0.5606060606060606,0.925,40.0
sphere,0.48484848484848486,0.8,0.34782608695652173,46.0
torus,0.9807692307692307,0.9807692307692307,0.9807692307692307,52.0
weighted avg,0.8761870660098218,0.906478930721355,0.8855218855218855,297.0
