,f1-score,precision,recall,support
accuracy,0.8855218855218855,0.8855218855218855,0.8855218855218855,0.8855218855218855
c_clusters,1.0,1.0,1.0,42.0
circle,1.0,1.0,1.0,56.0
clusters,1.0,1.0,1.0,49.0
macro avg,0.8801527535750836,0.8864002011060835,0.8814102564102564,297.0
random,0.7350427350427349,0.6615384615384615,0.8269230769230769,52.0
sphere,0.5750000000000001,0.6764705882352942,0.5,46.0
torus,0.970873786407767,0.9803921568627451,0.9615384615384616,52.0
weighted avg,0.8826857209273606,0.8871987852380009,0.8855218855218855,297.0
