,f1-score,precision,recall,support
accuracy,0.8821548821548821,0.8821548821548821,0.8821548821548821,0.8821548821548821
c_clusters,0.9690721649484536,0.9791666666666666,0.9591836734693877,49.0
circle,1.0,1.0,1.0,29.0
clusters,0.9672131147540983,0.9672131147540983,0.9672131147540983,61.0
macro avg,0.8899798941818479,0.8976923400301455,0.8913234212505124,297.0
random,0.8070175438596492,0.71875,0.92,50.0
sphere,0.7924528301886793,0.7924528301886793,0.7924528301886793,53.0
torus,0.8041237113402062,0.9285714285714286,0.7090909090909091,55.0
weighted avg,0.8823643683473672,0.8922158088824755,0.8821548821548821,297.0
