,f1-score,precision,recall,support
accuracy,0.9023569023569024,0.9023569023569024,0.9023569023569024,0.9023569023569024
c_clusters,1.0,1.0,1.0,46.0
circle,1.0,1.0,1.0,48.0
clusters,1.0,1.0,1.0,57.0
macro avg,0.896644872451324,0.8965156220591003,0.8975040916530279,297.0
random,0.7472527472527473,0.7727272727272727,0.723404255319149,47.0
sphere,0.6881720430107526,0.6956521739130435,0.6808510638297872,47.0
torus,0.9444444444444444,0.9107142857142857,0.9807692307692307,52.0
weighted avg,0.9009295496750694,0.9002389792903627,0.9023569023569024,297.0
