,f1-score,precision,recall,support
accuracy,0.8821548821548821,0.8821548821548821,0.8821548821548821,0.8821548821548821
c_clusters,1.0,1.0,1.0,52.0
circle,1.0,1.0,1.0,43.0
clusters,1.0,1.0,1.0,44.0
macro avg,0.8899200965341741,0.8914949644923172,0.8899608328179757,297.0
random,0.7863247863247863,0.7419354838709677,0.8363636363636363,55.0
sphere,0.6990291262135923,0.7346938775510204,0.6666666666666666,54.0
torus,0.8541666666666667,0.8723404255319149,0.8367346938775511,49.0
weighted avg,0.8816484940406192,0.8829111173458658,0.8821548821548821,297.0
