,f1-score,precision,recall,support
accuracy,0.8855218855218855,0.8855218855218855,0.8855218855218855,0.8855218855218855
c_clusters,1.0,1.0,1.0,43.0
circle,1.0,1.0,1.0,53.0
clusters,1.0,1.0,1.0,46.0
macro avg,0.8880736178411598,0.8891909814323607,0.8942191283292978,297.0
random,0.7608695652173914,0.6730769230769231,0.875,40.0
sphere,0.7128712871287128,0.8,0.6428571428571429,56.0
torus,0.8547008547008546,0.8620689655172413,0.847457627118644,59.0
weighted avg,0.8847909936540538,0.8908590770659737,0.8855218855218855,297.0
