,f1-score,precision,recall,support
accuracy,0.8181818181818182,0.8181818181818182,0.8181818181818182,0.8181818181818182
c_clusters,0.9074074074074073,0.8909090909090909,0.9245283018867925,53.0
circle,0.9320388349514563,0.9230769230769231,0.9411764705882353,51.0
clusters,0.8571428571428571,0.8666666666666667,0.8478260869565217,46.0
macro avg,0.8178190024039284,0.824223118308946,0.8256931709319383,297.0
random,0.6336633663366337,0.5423728813559322,0.7619047619047619,42.0
sphere,0.5979381443298969,0.7435897435897436,0.5,58.0
torus,0.9787234042553191,0.9787234042553191,0.9787234042553191,47.0
weighted avg,0.8159913076126629,0.828517298676518,0.8181818181818182,297.0
