,f1-score,precision,recall,support
accuracy,0.8888888888888888,0.8888888888888888,0.8888888888888888,0.8888888888888888
c_clusters,1.0,1.0,1.0,48.0
circle,1.0,1.0,1.0,50.0
clusters,1.0,1.0,1.0,50.0
macro avg,0.8884946448518299,0.8916409281697949,0.8875721304178034,297.0
random,0.7543859649122806,0.7049180327868853,0.8113207547169812,53.0
sphere,0.6292134831460674,0.6666666666666666,0.5957446808510638,47.0
torus,0.9473684210526316,0.9782608695652174,0.9183673469387755,49.0
weighted avg,0.8888099073393771,0.8910059652516293,0.8888888888888888,297.0
