,f1-score,precision,recall,support
accuracy,0.8013468013468014,0.8013468013468014,0.8013468013468014,0.8013468013468014
c_clusters,0.7441860465116279,0.6575342465753424,0.8571428571428571,56.0
circle,1.0,1.0,1.0,40.0
clusters,0.6526315789473683,0.7948717948717948,0.5535714285714286,56.0
macro avg,0.8115882302299379,0.8317331454980593,0.8128790949003714,297.0
random,0.7889908256880733,0.6935483870967742,0.9148936170212766,47.0
sphere,0.8,0.8444444444444444,0.76,50.0
torus,0.8837209302325582,1.0,0.7916666666666666,48.0
weighted avg,0.8004140083643301,0.8220664469252872,0.8013468013468014,297.0
