,f1-score,precision,recall,support
accuracy,0.8451178451178452,0.8451178451178452,0.8451178451178452,0.8451178451178452
c_clusters,0.9791666666666666,1.0,0.9591836734693877,49.0
circle,1.0,1.0,1.0,50.0
clusters,0.983050847457627,0.9666666666666667,1.0,58.0
macro avg,0.835033810351607,0.8400762831797315,0.836012573391984,297.0
random,0.6428571428571429,0.7297297297297297,0.574468085106383,47.0
sphere,0.7238095238095238,0.6551724137931034,0.8085106382978723,47.0
torus,0.6813186813186812,0.6888888888888889,0.6739130434782609,46.0
weighted avg,0.8436703989670091,0.8479661828320832,0.8451178451178452,297.0
