,f1-score,precision,recall,support
accuracy,0.8451178451178452,0.8451178451178452,0.8451178451178452,0.8451178451178452
c_clusters,1.0,1.0,1.0,51.0
circle,1.0,1.0,1.0,43.0
clusters,1.0,1.0,1.0,43.0
macro avg,0.8440498031571302,0.9026960784313726,0.868114406779661,297.0
random,0.42105263157894735,0.9411764705882353,0.2711864406779661,59.0
sphere,0.6617647058823529,0.5113636363636364,0.9375,48.0
torus,0.9814814814814815,0.9636363636363636,1.0,53.0
weighted avg,0.8270213120000989,0.9028538504474333,0.8451178451178452,297.0
