,f1-score,precision,recall,support
accuracy,0.8451178451178452,0.8451178451178452,0.8451178451178452,0.8451178451178452
c_clusters,0.8598130841121495,0.8070175438596491,0.92,50.0
circle,0.945054945054945,0.9347826086956522,0.9555555555555556,45.0
clusters,0.7999999999999999,0.8695652173913043,0.7407407407407407,54.0
macro avg,0.8481149121063499,0.8493947015087979,0.8506112498822923,297.0
random,0.76,0.7307692307692307,0.7916666666666666,48.0
sphere,0.7450980392156863,0.7755102040816326,0.7169811320754716,53.0
torus,0.9787234042553191,0.9787234042553191,0.9787234042553191,47.0
weighted avg,0.8440684269747859,0.8469750175645347,0.8451178451178452,297.0
