,f1-score,precision,recall,support
accuracy,0.7441077441077442,0.7441077441077442,0.7441077441077442,0.7441077441077442
c_clusters,0.86,0.7818181818181819,0.9555555555555556,45.0
circle,1.0,1.0,1.0,56.0
clusters,0.8260869565217392,0.926829268292683,0.7450980392156863,51.0
macro avg,0.7347929240601444,0.7444803282024915,0.7503434201963614,297.0
random,0.4269662921348315,0.5757575757575758,0.3392857142857143,56.0
sphere,0.6363636363636364,0.5303030303030303,0.7954545454545454,44.0
torus,0.6593406593406593,0.6521739130434783,0.6666666666666666,45.0
weighted avg,0.7353901576178079,0.7520999815739364,0.7441077441077442,297.0
