,f1-score,precision,recall,support
2,0.9534883720930233,0.9761904761904762,0.9318181818181818,44.0
3.5,0.9859154929577464,1.0,0.9722222222222222,36.0
4.1,0.9253731343283582,0.8857142857142857,0.96875,32.0
4.0,0.5,0.5416666666666666,0.4642857142857143,28.0
weighted avg,0.8122506023032868,0.8153386077524009,0.8121212121212121,165.0
macro avg,0.7766591035795293,0.7772660098522167,0.7794152236652236,165.0
accuracy,0.8121212121212121,0.8121212121212121,0.8121212121212121,0.8121212121212121
4.3,0.5185185185185185,0.4827586206896552,0.56,25.0
