,f1-score,precision,recall,support
2,0.7709923664122136,0.753731343283582,0.7890625,128.0
3.5,0.821917808219178,0.8053691275167785,0.8391608391608392,143.0
4.1,0.9042145593869731,0.9007633587786259,0.9076923076923077,130.0
weighted avg,0.8693922411780974,0.871398918442145,0.8681818181818182,660.0
accuracy,0.8681818181818182,0.8681818181818182,0.8681818181818182,0.8681818181818182
4.0,0.9584905660377359,0.9844961240310077,0.9338235294117647,136.0
macro avg,0.8694563933445535,0.8717779736279818,0.8679315750903805,660.0
4.3,0.8916666666666666,0.9145299145299145,0.8699186991869918,123.0
