,f1-score,precision,recall,support
2,0.765432098765432,0.7209302325581395,0.8157894736842105,38.0
3.5,0.6101694915254238,0.5806451612903226,0.6428571428571429,28.0
4.1,0.5079365079365079,0.6153846153846154,0.43243243243243246,37.0
accuracy,0.6181818181818182,0.6181818181818182,0.6181818181818182,0.6181818181818182
4.0,0.5555555555555555,0.5882352941176471,0.5263157894736842,38.0
macro avg,0.6114550943929474,0.6107164800249836,0.6251456343561607,165.0
weighted avg,0.6115896427692352,0.6177992461916385,0.6181818181818182,165.0
4.3,0.6181818181818182,0.5483870967741935,0.7083333333333334,24.0
