,f1-score,precision,recall,support
weighted avg,0.5233050171113978,0.571416879531514,0.5909090909090909,660.0
2,0.9777777777777777,1.0,0.9565217391304348,138.0
3.5,0.9230769230769232,0.9661016949152542,0.8837209302325582,129.0
4.1,0.502970297029703,0.335978835978836,1.0,127.0
accuracy,0.5909090909090909,0.5909090909090909,0.5909090909090909,0.5909090909090909
4.0,0.20987654320987653,0.5483870967741935,0.1297709923664122,131.0
macro avg,0.5227403082188561,0.5700935255336568,0.5940027323458811,660.0
4.3,0.0,0.0,0.0,135.0
