,f1-score,precision,recall,support
2,0.8073394495412844,0.676923076923077,1.0,44.0
3.5,0.9863013698630138,0.972972972972973,1.0,36.0
4.1,0.47619047619047616,1.0,0.3125,32.0
4.0,0.0,0.0,0.0,28.0
weighted avg,0.6199607355067955,0.6582066378292795,0.696969696969697,165.0
macro avg,0.582171387324083,0.6243188326207194,0.6625,165.0
accuracy,0.696969696969697,0.696969696969697,0.696969696969697,0.696969696969697
4.3,0.641025641025641,0.4716981132075472,1.0,25.0
