,precision,recall,f1-score,support
2,0.8472222222222222,0.9838709677419355,0.9104477611940298,124.0
3.5,1.0,0.016,0.031496062992125984,125.0
4.0,0.3181818181818182,0.4028776978417266,0.35555555555555557,139.0
4.1,0.3355263157894737,0.3355263157894737,0.3355263157894737,152.0
4.3,0.44623655913978494,0.6916666666666667,0.5424836601307189,120.0
accuracy,0.47575757575757577,0.47575757575757577,0.47575757575757577,0.47575757575757577
macro avg,0.5894333830666598,0.4859883296079605,0.43510187113238075,660.0
weighted avg,0.5739866899690947,0.47575757575757577,0.4278072601514909,660.0
