,f1-score,precision,recall,support
2,0.732394366197183,0.6190476190476191,0.896551724137931,29.0
3.5,0.0,0.0,0.0,33.0
4.1,0.47328244274809156,0.31,1.0,31.0
accuracy,0.4121212121212121,0.4121212121212121,0.4121212121212121,0.4121212121212121
4.0,0.3728813559322034,0.4782608695652174,0.3055555555555556,36.0
macro avg,0.31571163297549554,0.2814616977225673,0.44042145593869736,165.0
weighted avg,0.2989995221725361,0.2713925591316896,0.4121212121212121,165.0
4.3,0.0,0.0,0.0,36.0
