,f1-score,precision,recall,support
2,0.0,0.0,0.0,38.0
3.5,0.35135135135135126,0.2826086956521739,0.4642857142857143,28.0
4.1,0.4444444444444445,0.5384615384615384,0.3783783783783784,37.0
accuracy,0.3515151515151515,0.3515151515151515,0.3515151515151515,0.3515151515151515
4.0,0.2222222222222222,0.19230769230769232,0.2631578947368421,38.0
macro avg,0.33908747457134547,0.3132019010737547,0.396164397480187,165.0
weighted avg,0.3089987348051864,0.29337557941676934,0.3515151515151515,165.0
4.3,0.6774193548387096,0.5526315789473685,0.875,24.0
