,f1-score,precision,recall,support
2,0.9523809523809523,1.0,0.9090909090909091,33.0
3.5,0.9850746268656716,1.0,0.9705882352941176,34.0
4.1,0.9285714285714286,0.8666666666666667,1.0,26.0
4.0,0.0,0.0,0.0,37.0
weighted avg,0.6785524978578402,0.6457407407407407,0.7515151515151515,165.0
macro avg,0.7040465230589377,0.6705555555555556,0.7759358288770054,165.0
accuracy,0.7515151515151515,0.7515151515151515,0.7515151515151515,0.7515151515151515
4.3,0.6542056074766355,0.4861111111111111,1.0,35.0
