,f1-score,precision,recall,support
2,0.7297297297297297,0.6,0.9310344827586207,29.0
3.5,0.3692307692307692,0.375,0.36363636363636365,33.0
4.1,0.5507246376811595,0.5,0.6129032258064516,31.0
accuracy,0.5515151515151515,0.5515151515151515,0.5515151515151515,0.5515151515151515
4.0,0.5517241379310345,0.7272727272727273,0.4444444444444444,36.0
macro avg,0.5465318549145386,0.5618831168831169,0.5648481477736206,165.0
weighted avg,0.5418564259418832,0.565539157811885,0.5515151515151515,165.0
4.3,0.53125,0.6071428571428571,0.4722222222222222,36.0
