,f1-score,precision,recall,support
2,0.96875,1.0,0.9393939393939394,33.0
3.5,1.0,1.0,1.0,29.0
4.1,0.9666666666666666,0.9354838709677419,1.0,29.0
4.0,0.5142857142857143,0.5454545454545454,0.4864864864864865,37.0
weighted avg,0.7812269674769675,0.7828152059179883,0.7818181818181819,165.0
macro avg,0.802760989010989,0.8035047564551892,0.804095004095004,165.0
accuracy,0.7818181818181819,0.7818181818181819,0.7818181818181819,0.7818181818181819
4.3,0.5641025641025641,0.5365853658536586,0.5945945945945946,37.0
