,f1-score,precision,recall,support
2,0.0,0.0,0.0,33.0
3.5,0.6744186046511628,0.5087719298245614,1.0,29.0
4.1,0.9206349206349206,0.8529411764705882,1.0,29.0
4.0,0.0,0.0,0.0,37.0
weighted avg,0.4298376903028065,0.35145260656096566,0.5757575757575758,165.0
macro avg,0.45234403839055004,0.3723426212590299,0.6,165.0
accuracy,0.5757575757575758,0.5757575757575758,0.5757575757575758,0.5757575757575758
4.3,0.6666666666666666,0.5,1.0,37.0
