,f1-score,precision,recall,support
2,1.0,1.0,1.0,33.0
3.5,0.9850746268656716,1.0,0.9705882352941176,34.0
4.1,0.9811320754716981,0.9629629629629629,1.0,26.0
4.0,0.5538461538461539,0.6428571428571429,0.4864864864864865,37.0
weighted avg,0.8160374406192842,0.8224794846006968,0.8181818181818182,165.0
macro avg,0.8305928497177174,0.8348003848003847,0.8342720872132636,165.0
accuracy,0.8181818181818182,0.8181818181818182,0.8181818181818182,0.8181818181818182
4.3,0.6329113924050633,0.5681818181818182,0.7142857142857143,35.0
