,f1-score,precision,recall,support
2,0.7323943661971831,0.65,0.8387096774193549,31.0
3.5,0.0588235294117647,0.3333333333333333,0.03225806451612903,31.0
4.1,0.0,0.0,0.0,39.0
accuracy,0.44242424242424244,0.44242424242424244,0.44242424242424244,0.44242424242424244
4.0,0.4897959183673469,0.631578947368421,0.4,30.0
macro avg,0.3554728357879597,0.3890018736160791,0.4541935483870968,165.0
weighted avg,0.3399851195373146,0.36760001651672575,0.44242424242424244,165.0
4.3,0.49635036496350365,0.3300970873786408,1.0,34.0
